safra,line,lag_passos,lag_horas,pearson,spearman,n,delta_umidade_media,delta_umidade_mediana
2025,4,1,0.16666666666666666,0.0009062310917981332,-0.03278825329517971,16814,-0.006704234566432734,0.0
2025,4,3,0.5,0.0006123881404854283,-0.08538110516737855,16147,-0.01304019322474763,0.0
2025,4,6,1.0,0.001280888389957995,-0.10113625033070404,15226,-0.021220937869433847,0.0
2025,4,12,2.0,0.01048513057319834,-0.08910311450332531,13598,-0.03483674069716131,0.0
2025,4,18,3.0,0.02024607402736519,-0.06304592144279285,12198,-0.03883013608788322,-0.02499999999999858
2025,4,36,6.0,0.03243638404897689,0.029916127126144467,9097,0.015824997251841295,-0.040000000000000036
2025,4,72,12.0,0.02716997649126115,0.07622759776791578,5446,0.15722365038560399,-0.07000000000000028
2025,4,144,24.0,-0.12369087701977685,-0.180298228982514,2169,0.5757676348547716,-0.07000000000000006
2025,3,1,0.16666666666666666,-0.05169515892441881,-0.18033797580644054,16218,-0.017620853372795665,0.0
2025,3,3,0.5,-0.09598653854296785,-0.21435784132568594,15235,-0.04629438792254677,0.0
2025,3,6,1.0,-0.1139797299860786,-0.19827985842238496,13875,-0.07337273273273275,0.0
2025,3,12,2.0,-0.09930141023146812,-0.13713884929831505,11624,-0.0992340559761413,-0.030000000000000027
2025,3,18,3.0,-0.05667566257210433,-0.07173090363713165,9834,-0.09588536370415567,-0.030000000000001137
2025,3,36,6.0,0.017483312590555588,0.05084864454768796,6388,0.03606893132957627,-0.03500000000000014
2025,3,72,12.0,0.1117007378885,0.17787503941239255,3074,0.26556874864454566,-0.030000000000000027
2025,3,144,24.0,-0.30906235673427146,-0.4281859623749458,979,0.5686363636363637,-0.025000000000000133
2025,1,1,0.16666666666666666,-0.009593626506913743,-0.03171314053045788,16469,-0.006919060052219323,0.0
2025,1,3,0.5,-0.020852788759873196,-0.03642394448004969,15599,-0.01793095711263543,0.0
2025,1,6,1.0,-0.031189984391921888,-0.015001781925005023,14438,-0.035631666435794435,0.0
2025,1,12,2.0,-0.04191427899386804,0.018330351840290644,12542,-0.065931669590177,-0.020000000000003126
2025,1,18,3.0,-0.05709180809306405,0.031040800183171877,10991,-0.09347102174506411,-0.030000000000001137
2025,1,36,6.0,-0.06758160448723584,0.0700524326640898,7802,-0.1402255831837989,-0.05500000000000016
2025,1,72,12.0,-0.026002183295825196,-0.012458564172121454,4345,-0.020369390103567184,-0.08499999999999996
2025,1,144,24.0,-0.060906217254300614,-0.09267167230071725,1577,0.5381198478123016,-0.03000000000000025
2025,2,1,0.16666666666666666,-0.001070934985448471,0.023639637641820206,16472,-0.0038774890723652284,0.0
2025,2,3,0.5,-0.0008227986941315099,0.07350611140354683,15553,-0.005301871021667856,0.0
2025,2,6,1.0,-0.0015338475564904686,0.14380400016975808,14327,-0.0075088992810777,0.0
2025,2,12,2.0,0.004884002893024155,0.23195855387756303,12270,-0.003865118174409136,0.0
2025,2,18,3.0,0.015532324751186639,0.29042017619350224,10601,0.012832279973587372,-0.015000000000000568
2025,2,36,6.0,0.028841161578771885,0.41970198250435303,7036,0.05733868675383735,-0.03000000000000025
2025,2,72,12.0,0.1451701458833661,0.42091878951648015,3236,0.12511124845488253,-0.02499999999999991
2025,2,144,24.0,-0.4144245432831904,0.2782584982092284,624,0.6832692307692309,-0.02499999999999991
2025,5,1,0.16666666666666666,-0.010208514903578693,-0.1559600353537165,10321,0.001377773471562833,0.0
2025,5,3,0.5,-0.02160054562404998,-0.21557407219103286,9912,0.003582021791767554,0.0
2025,5,6,1.0,-0.024884932335766913,-0.2079187720534802,9351,0.013261148540263067,-0.029999999999997584
2025,5,12,2.0,-0.01590949261107746,-0.14592270460469584,8325,0.040694294294294275,-0.03999999999999915
2025,5,18,3.0,0.009762262815276283,-0.07039960420372653,7425,0.0725986531986532,-0.05999999999999872
2025,5,36,6.0,0.07334270736266153,0.1463905236124512,5315,0.2756500470366885,-0.11500000000000199
2025,5,72,12.0,0.02791197515536483,0.2783724784837714,2956,0.5872496617050067,-0.26499999999999524
2025,5,144,24.0,-0.20652319524011392,-0.16315808842491575,907,2.1357883131201763,-0.6200000000000045
2023,1,1,0.16666666666666666,-0.025791287792101214,0.10589823212475105,649,-0.0025269645608628614,0.0
2023,1,3,0.5,0.011987391988293747,0.2278786834028349,618,0.013187702265372171,-0.03999999999999915
2023,1,6,1.0,-0.045606766292469396,0.2807661181895502,581,0.004870912220309814,-0.05999999999999872
2023,1,12,2.0,-0.0204757799760057,0.3390699207695034,515,-0.05345631067961162,-0.10999999999999943
2023,1,18,3.0,0.03566340446077151,0.3373678516991957,452,-0.1301548672566371,-0.15000000000000213
2023,1,36,6.0,0.21835562890123114,0.23004181729012982,286,-0.6188111888111889,-0.35999999999999943
2023,1,72,12.0,0.5336954270103627,0.49659705802390786,100,-1.5175999999999998,-1.5350000000000001
2023,1,144,24.0,,,0,,
2023,2,1,0.16666666666666666,-0.153196124296708,-0.12560876652427783,643,-0.01049766718506999,0.0
2023,2,3,0.5,-0.21743323447254384,-0.17846638410057342,612,-0.03754901960784316,-0.05999999999999872
2023,2,6,1.0,-0.2813657469864383,-0.2278421723968489,571,-0.08579684763572681,-0.0799999999999983
2023,2,12,2.0,-0.3504030453721522,-0.26364227288506403,498,-0.19885542168674705,-0.18999999999999773
2023,2,18,3.0,-0.43530100502230573,-0.3637973404822436,439,-0.3256492027334853,-0.28999999999999915
2023,2,36,6.0,-0.6492428598712984,-0.6837242778479197,275,-0.7710545454545453,-0.6000000000000014
2023,2,72,12.0,-0.4536865337066163,-0.6381685799610743,97,-1.3570103092783505,-1.1799999999999997
2023,2,144,24.0,,,0,,
2023,3,1,0.16666666666666666,,,1,0.17999999999999972,0.17999999999999972
2023,3,3,0.5,,,0,,
2023,3,6,1.0,,,0,,
2023,3,12,2.0,,,0,,
2023,3,18,3.0,,,0,,
2023,3,36,6.0,,,0,,
2023,3,72,12.0,,,0,,
2023,3,144,24.0,,,0,,
2024,4,1,0.16666666666666666,-0.0008332090957415185,-0.05631055696021405,8781,-0.002454731807311237,0.0
2024,4,3,0.5,-0.004462269630663271,-0.07724785898177892,8293,-0.0021475943566863632,0.0
2024,4,6,1.0,-0.007380040122948004,-0.06942417405713944,7619,-0.006968106050662813,-0.02499999999999858
2024,4,12,2.0,-0.010353635143221367,-0.028581841283551155,6455,-0.01014639814097596,-0.030000000000001137
2024,4,18,3.0,-0.009659369471109078,0.017087199922495182,5440,-0.03054411764705881,-0.05000000000000071
2024,4,36,6.0,-0.01206077395163547,0.04440065551964344,3034,-0.06759063941990771,-0.08999999999999986
2024,4,72,12.0,-0.10563759824237168,-0.16958322348134708,895,-0.16898882681564234,-0.14499999999999957
2024,4,144,24.0,-0.3729412970186223,-0.5925762455892194,34,-0.44676470588235306,-0.16999999999999815
2024,2,1,0.16666666666666666,-0.028064130575039793,-0.13501442336152386,8946,-0.006994187346300018,0.0
2024,2,3,0.5,-0.04137495455036282,-0.1744070257244934,8532,-0.018680262541022022,0.0
2024,2,6,1.0,-0.0483995966464654,-0.17007600784176888,7949,-0.04287709145804501,-0.030000000000001137
2024,2,12,2.0,-0.046039443811248526,-0.14023144504262203,6892,-0.10199361578641901,-0.05000000000000071
2024,2,18,3.0,-0.04538563607381158,-0.10543912783934517,5929,-0.1655203238320121,-0.06999999999999851
2024,2,36,6.0,-0.15365475155852937,-0.04785506395649169,3538,-0.28444177501413226,-0.125
2024,2,72,12.0,-0.022105035051194693,0.14484259185180207,1322,-0.6444175491679276,-0.21000000000000085
2024,2,144,24.0,0.10901958715022206,0.010505546259625086,185,-0.5723513513513517,-0.3200000000000003
2024,1,1,0.16666666666666666,-0.040489520509036744,-0.16651607609872915,8890,-0.013238751406074237,0.0
2024,1,3,0.5,-0.06826621275486183,-0.19238860823009693,8461,-0.03960678406807706,-0.019999999999999574
2024,1,6,1.0,-0.10157581762007337,-0.18031822893160168,7869,-0.07333473122378954,-0.03499999999999659
2024,1,12,2.0,-0.1533863476999965,-0.15984656034537467,6777,-0.12554397225911174,-0.05999999999999872
2024,1,18,3.0,-0.15842566859202087,-0.11681489824227245,5806,-0.20158597427948105,-0.0799999999999983
2024,1,36,6.0,-0.18798316954532357,-0.12745630997779586,3535,-0.449804290429043,-0.15000000000000213
2024,1,72,12.0,-0.1818454871305228,-0.1841103625017484,1479,-0.9700642325895878,-0.23000000000000043
2024,1,144,24.0,-0.36589254332562954,-0.20024682449599857,560,-0.7289553571428569,-0.120000000000001
2024,5,1,0.16666666666666666,-0.013477561117131838,-0.05746496944358094,8939,-0.001839691240630948,0.0
2024,5,3,0.5,-0.020725479343145475,-0.015659776795650542,8469,-0.008235328846380919,0.0
2024,5,6,1.0,-0.01552333074621037,0.034255524485287084,7809,-0.021502112946600073,-0.020000000000003126
2024,5,12,2.0,-0.003969726678814383,0.08812736391665123,6652,-0.07691145520144313,-0.030000000000001137
2024,5,18,3.0,0.007453037666374965,0.13062179407046864,5631,-0.1062884034807316,-0.05000000000000071
2024,5,36,6.0,-0.1008816092940703,0.11421298836681568,3252,-0.10289975399753991,-0.0799999999999983
2024,5,72,12.0,-0.1692847976627891,-0.20120959542547479,1179,-0.29446564885496174,-0.134999999999998
2024,5,144,24.0,0.11199949544307031,0.1659737944682571,269,-0.12615241635687777,-0.120000000000001
2024,3,1,0.16666666666666666,-0.12024891994144972,-0.2670585331863586,8757,-0.03896654105287199,0.0
2024,3,3,0.5,-0.20302491291956304,-0.25161470787900114,8302,-0.10486328595519152,-0.030000000000001137
2024,3,6,1.0,-0.22573717406158494,-0.21520281870544547,7662,-0.18107478465152704,-0.05999999999999872
2024,3,12,2.0,-0.23366911458882386,-0.1575073293781471,6553,-0.30456813673126815,-0.10000000000000142
2024,3,18,3.0,-0.21061824934192067,-0.10276800637453562,5588,-0.4153892269148174,-0.15499999999999936
2024,3,36,6.0,-0.15437268370420168,-0.013392233524900495,3216,-0.7378389303482586,-0.3500000000000014
2024,3,72,12.0,-0.17754362277615107,-0.0438932333198474,1161,-1.6743023255813956,-1.4299999999999997
2024,3,144,24.0,-0.4810007106572358,-0.5433371014540305,272,-2.0557352941176474,-1.8574999999999982
